main_star,month_star,category,content
1,1,"job","あなたの本命星【一白水星】は、「医療、心理、調査、研究、福祉、輸送、執筆」といった分野に象徴される星です。
このため、生まれ持った性質としては、こうした分野での活躍が期待され、無理なく力を発揮しやすい傾向にあります。

一方で、月命星【一白水星】は「医療、心理、調査、研究、福祉、輸送、執筆」を象徴し、内面的な価値観や才能、思考の癖に関係しています。この星の影響により、あなたは「医療、心理、調査、研究、福祉、輸送、執筆」のような分野に対しても親和性があり、より深い理解や成長が見込めます。

この二つの星の組み合わせは、生まれ持った強みと内面の資質が調和し、バランスの取れた職業選択が可能となる構成です。
「医療、心理、調査、研究、福祉、輸送、執筆 × 医療、心理、調査、研究、福祉、輸送、執筆」のような両方の要素を活かすことで、あなただけの天職が見つかる可能性が高いでしょう。"
1,2,"job","あなたの本命星【一白水星】は、「医療、心理、調査、研究、福祉、輸送、執筆」といった分野に象徴される星です。
このため、生まれ持った性質としては、こうした分野での活躍が期待され、無理なく力を発揮しやすい傾向にあります。

一方で、月命星【二黒土星】は「保育、看護、農業、サポート職、教育、家庭関連」を象徴し、内面的な価値観や才能、思考の癖に関係しています。この星の影響により、あなたは「保育、看護、農業、サポート職、教育、家庭関連」のような分野に対しても親和性があり、より深い理解や成長が見込めます。

この二つの星の組み合わせは、生まれ持った強みと内面の資質が調和し、バランスの取れた職業選択が可能となる構成です。
「医療、心理、調査、研究、福祉、輸送、執筆 × 保育、看護、農業、サポート職、教育、家庭関連」のような両方の要素を活かすことで、あなただけの天職が見つかる可能性が高いでしょう。"
1,3,"job","あなたの本命星【一白水星】は、「医療、心理、調査、研究、福祉、輸送、執筆」といった分野に象徴される星です。
このため、生まれ持った性質としては、こうした分野での活躍が期待され、無理なく力を発揮しやすい傾向にあります。

一方で、月命星【三碧木星】は「営業、教育、音楽、スポーツ、広報、企画」を象徴し、内面的な価値観や才能、思考の癖に関係しています。この星の影響により、あなたは「営業、教育、音楽、スポーツ、広報、企画」のような分野に対しても親和性があり、より深い理解や成長が見込めます。

この二つの星の組み合わせは、生まれ持った強みと内面の資質が調和し、バランスの取れた職業選択が可能となる構成です。
「医療、心理、調査、研究、福祉、輸送、執筆 × 営業、教育、音楽、スポーツ、広報、企画」のような両方の要素を活かすことで、あなただけの天職が見つかる可能性が高いでしょう。"
1,4,"job","あなたの本命星【一白水星】は、「医療、心理、調査、研究、福祉、輸送、執筆」といった分野に象徴される星です。
このため、生まれ持った性質としては、こうした分野での活躍が期待され、無理なく力を発揮しやすい傾向にあります。

一方で、月命星【四緑木星】は「旅行、販売、外交、通訳、流通、調整役」を象徴し、内面的な価値観や才能、思考の癖に関係しています。この星の影響により、あなたは「旅行、販売、外交、通訳、流通、調整役」のような分野に対しても親和性があり、より深い理解や成長が見込めます。

この二つの星の組み合わせは、生まれ持った強みと内面の資質が調和し、バランスの取れた職業選択が可能となる構成です。
「医療、心理、調査、研究、福祉、輸送、執筆 × 旅行、販売、外交、通訳、流通、調整役」のような両方の要素を活かすことで、あなただけの天職が見つかる可能性が高いでしょう。"
1,5,"job","あなたの本命星【一白水星】は、「医療、心理、調査、研究、福祉、輸送、執筆」といった分野に象徴される星です。
このため、生まれ持った性質としては、こうした分野での活躍が期待され、無理なく力を発揮しやすい傾向にあります。

一方で、月命星【五黄土星】は「経営、医師、政治、管理職、監査、改革職」を象徴し、内面的な価値観や才能、思考の癖に関係しています。この星の影響により、あなたは「経営、医師、政治、管理職、監査、改革職」のような分野に対しても親和性があり、より深い理解や成長が見込めます。

この二つの星の組み合わせは、生まれ持った強みと内面の資質が調和し、バランスの取れた職業選択が可能となる構成です。
「医療、心理、調査、研究、福祉、輸送、執筆 × 経営、医師、政治、管理職、監査、改革職」のような両方の要素を活かすことで、あなただけの天職が見つかる可能性が高いでしょう。"
1,6,"job","あなたの本命星【一白水星】は、「医療、心理、調査、研究、福祉、輸送、執筆」といった分野に象徴される星です。
このため、生まれ持った性質としては、こうした分野での活躍が期待され、無理なく力を発揮しやすい傾向にあります。

一方で、月命星【六白金星】は「金融、士業、IT、技術職、マネジメント、研究職」を象徴し、内面的な価値観や才能、思考の癖に関係しています。この星の影響により、あなたは「金融、士業、IT、技術職、マネジメント、研究職」のような分野に対しても親和性があり、より深い理解や成長が見込めます。

この二つの星の組み合わせは、生まれ持った強みと内面の資質が調和し、バランスの取れた職業選択が可能となる構成です。
「医療、心理、調査、研究、福祉、輸送、執筆 × 金融、士業、IT、技術職、マネジメント、研究職」のような両方の要素を活かすことで、あなただけの天職が見つかる可能性が高いでしょう。"
1,7,"job","あなたの本命星【一白水星】は、「医療、心理、調査、研究、福祉、輸送、執筆」といった分野に象徴される星です。
このため、生まれ持った性質としては、こうした分野での活躍が期待され、無理なく力を発揮しやすい傾向にあります。

一方で、月命星【七赤金星】は「芸能、美容、料理、販売、アパレル、イベント系」を象徴し、内面的な価値観や才能、思考の癖に関係しています。この星の影響により、あなたは「芸能、美容、料理、販売、アパレル、イベント系」のような分野に対しても親和性があり、より深い理解や成長が見込めます。

この二つの星の組み合わせは、生まれ持った強みと内面の資質が調和し、バランスの取れた職業選択が可能となる構成です。
「医療、心理、調査、研究、福祉、輸送、執筆 × 芸能、美容、料理、販売、アパレル、イベント系」のような両方の要素を活かすことで、あなただけの天職が見つかる可能性が高いでしょう。"
1,8,"job","あなたの本命星【一白水星】は、「医療、心理、調査、研究、福祉、輸送、執筆」といった分野に象徴される星です。
このため、生まれ持った性質としては、こうした分野での活躍が期待され、無理なく力を発揮しやすい傾向にあります。

一方で、月命星【八白土星】は「不動産、金融、相続関連、資産管理、伝統産業」を象徴し、内面的な価値観や才能、思考の癖に関係しています。この星の影響により、あなたは「不動産、金融、相続関連、資産管理、伝統産業」のような分野に対しても親和性があり、より深い理解や成長が見込めます。

この二つの星の組み合わせは、生まれ持った強みと内面の資質が調和し、バランスの取れた職業選択が可能となる構成です。
「医療、心理、調査、研究、福祉、輸送、執筆 × 不動産、金融、相続関連、資産管理、伝統産業」のような両方の要素を活かすことで、あなただけの天職が見つかる可能性が高いでしょう。"
1,9,"job","あなたの本命星【一白水星】は、「医療、心理、調査、研究、福祉、輸送、執筆」といった分野に象徴される星です。
このため、生まれ持った性質としては、こうした分野での活躍が期待され、無理なく力を発揮しやすい傾向にあります。

一方で、月命星【九紫火星】は「芸術、企画、美容、教育、ライター、表現職」を象徴し、内面的な価値観や才能、思考の癖に関係しています。この星の影響により、あなたは「芸術、企画、美容、教育、ライター、表現職」のような分野に対しても親和性があり、より深い理解や成長が見込めます。

この二つの星の組み合わせは、生まれ持った強みと内面の資質が調和し、バランスの取れた職業選択が可能となる構成です。
「医療、心理、調査、研究、福祉、輸送、執筆 × 芸術、企画、美容、教育、ライター、表現職」のような両方の要素を活かすことで、あなただけの天職が見つかる可能性が高いでしょう。"
2,1,"job","あなたの本命星【二黒土星】は、「保育、看護、農業、サポート職、教育、家庭関連」といった分野に象徴される星です。
このため、生まれ持った性質としては、こうした分野での活躍が期待され、無理なく力を発揮しやすい傾向にあります。

一方で、月命星【一白水星】は「医療、心理、調査、研究、福祉、輸送、執筆」を象徴し、内面的な価値観や才能、思考の癖に関係しています。この星の影響により、あなたは「医療、心理、調査、研究、福祉、輸送、執筆」のような分野に対しても親和性があり、より深い理解や成長が見込めます。

この二つの星の組み合わせは、生まれ持った強みと内面の資質が調和し、バランスの取れた職業選択が可能となる構成です。
「保育、看護、農業、サポート職、教育、家庭関連 × 医療、心理、調査、研究、福祉、輸送、執筆」のような両方の要素を活かすことで、あなただけの天職が見つかる可能性が高いでしょう。"
2,2,"job","あなたの本命星【二黒土星】は、「保育、看護、農業、サポート職、教育、家庭関連」といった分野に象徴される星です。
このため、生まれ持った性質としては、こうした分野での活躍が期待され、無理なく力を発揮しやすい傾向にあります。

一方で、月命星【二黒土星】は「保育、看護、農業、サポート職、教育、家庭関連」を象徴し、内面的な価値観や才能、思考の癖に関係しています。この星の影響により、あなたは「保育、看護、農業、サポート職、教育、家庭関連」のような分野に対しても親和性があり、より深い理解や成長が見込めます。

この二つの星の組み合わせは、生まれ持った強みと内面の資質が調和し、バランスの取れた職業選択が可能となる構成です。
「保育、看護、農業、サポート職、教育、家庭関連 × 保育、看護、農業、サポート職、教育、家庭関連」のような両方の要素を活かすことで、あなただけの天職が見つかる可能性が高いでしょう。"
2,3,"job","あなたの本命星【二黒土星】は、「保育、看護、農業、サポート職、教育、家庭関連」といった分野に象徴される星です。
このため、生まれ持った性質としては、こうした分野での活躍が期待され、無理なく力を発揮しやすい傾向にあります。

一方で、月命星【三碧木星】は「営業、教育、音楽、スポーツ、広報、企画」を象徴し、内面的な価値観や才能、思考の癖に関係しています。この星の影響により、あなたは「営業、教育、音楽、スポーツ、広報、企画」のような分野に対しても親和性があり、より深い理解や成長が見込めます。

この二つの星の組み合わせは、生まれ持った強みと内面の資質が調和し、バランスの取れた職業選択が可能となる構成です。
「保育、看護、農業、サポート職、教育、家庭関連 × 営業、教育、音楽、スポーツ、広報、企画」のような両方の要素を活かすことで、あなただけの天職が見つかる可能性が高いでしょう。"
2,4,"job","あなたの本命星【二黒土星】は、「保育、看護、農業、サポート職、教育、家庭関連」といった分野に象徴される星です。
このため、生まれ持った性質としては、こうした分野での活躍が期待され、無理なく力を発揮しやすい傾向にあります。

一方で、月命星【四緑木星】は「旅行、販売、外交、通訳、流通、調整役」を象徴し、内面的な価値観や才能、思考の癖に関係しています。この星の影響により、あなたは「旅行、販売、外交、通訳、流通、調整役」のような分野に対しても親和性があり、より深い理解や成長が見込めます。

この二つの星の組み合わせは、生まれ持った強みと内面の資質が調和し、バランスの取れた職業選択が可能となる構成です。
「保育、看護、農業、サポート職、教育、家庭関連 × 旅行、販売、外交、通訳、流通、調整役」のような両方の要素を活かすことで、あなただけの天職が見つかる可能性が高いでしょう。"
2,5,"job","あなたの本命星【二黒土星】は、「保育、看護、農業、サポート職、教育、家庭関連」といった分野に象徴される星です。
このため、生まれ持った性質としては、こうした分野での活躍が期待され、無理なく力を発揮しやすい傾向にあります。

一方で、月命星【五黄土星】は「経営、医師、政治、管理職、監査、改革職」を象徴し、内面的な価値観や才能、思考の癖に関係しています。この星の影響により、あなたは「経営、医師、政治、管理職、監査、改革職」のような分野に対しても親和性があり、より深い理解や成長が見込めます。

この二つの星の組み合わせは、生まれ持った強みと内面の資質が調和し、バランスの取れた職業選択が可能となる構成です。
「保育、看護、農業、サポート職、教育、家庭関連 × 経営、医師、政治、管理職、監査、改革職」のような両方の要素を活かすことで、あなただけの天職が見つかる可能性が高いでしょう。"
2,6,"job","あなたの本命星【二黒土星】は、「保育、看護、農業、サポート職、教育、家庭関連」といった分野に象徴される星です。
このため、生まれ持った性質としては、こうした分野での活躍が期待され、無理なく力を発揮しやすい傾向にあります。

一方で、月命星【六白金星】は「金融、士業、IT、技術職、マネジメント、研究職」を象徴し、内面的な価値観や才能、思考の癖に関係しています。この星の影響により、あなたは「金融、士業、IT、技術職、マネジメント、研究職」のような分野に対しても親和性があり、より深い理解や成長が見込めます。

この二つの星の組み合わせは、生まれ持った強みと内面の資質が調和し、バランスの取れた職業選択が可能となる構成です。
「保育、看護、農業、サポート職、教育、家庭関連 × 金融、士業、IT、技術職、マネジメント、研究職」のような両方の要素を活かすことで、あなただけの天職が見つかる可能性が高いでしょう。"
2,7,"job","あなたの本命星【二黒土星】は、「保育、看護、農業、サポート職、教育、家庭関連」といった分野に象徴される星です。
このため、生まれ持った性質としては、こうした分野での活躍が期待され、無理なく力を発揮しやすい傾向にあります。

一方で、月命星【七赤金星】は「芸能、美容、料理、販売、アパレル、イベント系」を象徴し、内面的な価値観や才能、思考の癖に関係しています。この星の影響により、あなたは「芸能、美容、料理、販売、アパレル、イベント系」のような分野に対しても親和性があり、より深い理解や成長が見込めます。

この二つの星の組み合わせは、生まれ持った強みと内面の資質が調和し、バランスの取れた職業選択が可能となる構成です。
「保育、看護、農業、サポート職、教育、家庭関連 × 芸能、美容、料理、販売、アパレル、イベント系」のような両方の要素を活かすことで、あなただけの天職が見つかる可能性が高いでしょう。"
2,8,"job","あなたの本命星【二黒土星】は、「保育、看護、農業、サポート職、教育、家庭関連」といった分野に象徴される星です。
このため、生まれ持った性質としては、こうした分野での活躍が期待され、無理なく力を発揮しやすい傾向にあります。

一方で、月命星【八白土星】は「不動産、金融、相続関連、資産管理、伝統産業」を象徴し、内面的な価値観や才能、思考の癖に関係しています。この星の影響により、あなたは「不動産、金融、相続関連、資産管理、伝統産業」のような分野に対しても親和性があり、より深い理解や成長が見込めます。

この二つの星の組み合わせは、生まれ持った強みと内面の資質が調和し、バランスの取れた職業選択が可能となる構成です。
「保育、看護、農業、サポート職、教育、家庭関連 × 不動産、金融、相続関連、資産管理、伝統産業」のような両方の要素を活かすことで、あなただけの天職が見つかる可能性が高いでしょう。"
2,9,"job","あなたの本命星【二黒土星】は、「保育、看護、農業、サポート職、教育、家庭関連」といった分野に象徴される星です。
このため、生まれ持った性質としては、こうした分野での活躍が期待され、無理なく力を発揮しやすい傾向にあります。

一方で、月命星【九紫火星】は「芸術、企画、美容、教育、ライター、表現職」を象徴し、内面的な価値観や才能、思考の癖に関係しています。この星の影響により、あなたは「芸術、企画、美容、教育、ライター、表現職」のような分野に対しても親和性があり、より深い理解や成長が見込めます。

この二つの星の組み合わせは、生まれ持った強みと内面の資質が調和し、バランスの取れた職業選択が可能となる構成です。
「保育、看護、農業、サポート職、教育、家庭関連 × 芸術、企画、美容、教育、ライター、表現職」のような両方の要素を活かすことで、あなただけの天職が見つかる可能性が高いでしょう。"
3,1,"job","あなたの本命星【三碧木星】は、「営業、教育、音楽、スポーツ、広報、企画」といった分野に象徴される星です。
このため、生まれ持った性質としては、こうした分野での活躍が期待され、無理なく力を発揮しやすい傾向にあります。

一方で、月命星【一白水星】は「医療、心理、調査、研究、福祉、輸送、執筆」を象徴し、内面的な価値観や才能、思考の癖に関係しています。この星の影響により、あなたは「医療、心理、調査、研究、福祉、輸送、執筆」のような分野に対しても親和性があり、より深い理解や成長が見込めます。

この二つの星の組み合わせは、生まれ持った強みと内面の資質が調和し、バランスの取れた職業選択が可能となる構成です。
「営業、教育、音楽、スポーツ、広報、企画 × 医療、心理、調査、研究、福祉、輸送、執筆」のような両方の要素を活かすことで、あなただけの天職が見つかる可能性が高いでしょう。"
3,2,"job","あなたの本命星【三碧木星】は、「営業、教育、音楽、スポーツ、広報、企画」といった分野に象徴される星です。
このため、生まれ持った性質としては、こうした分野での活躍が期待され、無理なく力を発揮しやすい傾向にあります。

一方で、月命星【二黒土星】は「保育、看護、農業、サポート職、教育、家庭関連」を象徴し、内面的な価値観や才能、思考の癖に関係しています。この星の影響により、あなたは「保育、看護、農業、サポート職、教育、家庭関連」のような分野に対しても親和性があり、より深い理解や成長が見込めます。

この二つの星の組み合わせは、生まれ持った強みと内面の資質が調和し、バランスの取れた職業選択が可能となる構成です。
「営業、教育、音楽、スポーツ、広報、企画 × 保育、看護、農業、サポート職、教育、家庭関連」のような両方の要素を活かすことで、あなただけの天職が見つかる可能性が高いでしょう。"
3,3,"job","あなたの本命星【三碧木星】は、「営業、教育、音楽、スポーツ、広報、企画」といった分野に象徴される星です。
このため、生まれ持った性質としては、こうした分野での活躍が期待され、無理なく力を発揮しやすい傾向にあります。

一方で、月命星【三碧木星】は「営業、教育、音楽、スポーツ、広報、企画」を象徴し、内面的な価値観や才能、思考の癖に関係しています。この星の影響により、あなたは「営業、教育、音楽、スポーツ、広報、企画」のような分野に対しても親和性があり、より深い理解や成長が見込めます。

この二つの星の組み合わせは、生まれ持った強みと内面の資質が調和し、バランスの取れた職業選択が可能となる構成です。
「営業、教育、音楽、スポーツ、広報、企画 × 営業、教育、音楽、スポーツ、広報、企画」のような両方の要素を活かすことで、あなただけの天職が見つかる可能性が高いでしょう。"
3,4,"job","あなたの本命星【三碧木星】は、「営業、教育、音楽、スポーツ、広報、企画」といった分野に象徴される星です。
このため、生まれ持った性質としては、こうした分野での活躍が期待され、無理なく力を発揮しやすい傾向にあります。

一方で、月命星【四緑木星】は「旅行、販売、外交、通訳、流通、調整役」を象徴し、内面的な価値観や才能、思考の癖に関係しています。この星の影響により、あなたは「旅行、販売、外交、通訳、流通、調整役」のような分野に対しても親和性があり、より深い理解や成長が見込めます。

この二つの星の組み合わせは、生まれ持った強みと内面の資質が調和し、バランスの取れた職業選択が可能となる構成です。
「営業、教育、音楽、スポーツ、広報、企画 × 旅行、販売、外交、通訳、流通、調整役」のような両方の要素を活かすことで、あなただけの天職が見つかる可能性が高いでしょう。"
3,5,"job","あなたの本命星【三碧木星】は、「営業、教育、音楽、スポーツ、広報、企画」といった分野に象徴される星です。
このため、生まれ持った性質としては、こうした分野での活躍が期待され、無理なく力を発揮しやすい傾向にあります。

一方で、月命星【五黄土星】は「経営、医師、政治、管理職、監査、改革職」を象徴し、内面的な価値観や才能、思考の癖に関係しています。この星の影響により、あなたは「経営、医師、政治、管理職、監査、改革職」のような分野に対しても親和性があり、より深い理解や成長が見込めます。

この二つの星の組み合わせは、生まれ持った強みと内面の資質が調和し、バランスの取れた職業選択が可能となる構成です。
「営業、教育、音楽、スポーツ、広報、企画 × 経営、医師、政治、管理職、監査、改革職」のような両方の要素を活かすことで、あなただけの天職が見つかる可能性が高いでしょう。"
3,6,"job","あなたの本命星【三碧木星】は、「営業、教育、音楽、スポーツ、広報、企画」といった分野に象徴される星です。
このため、生まれ持った性質としては、こうした分野での活躍が期待され、無理なく力を発揮しやすい傾向にあります。

一方で、月命星【六白金星】は「金融、士業、IT、技術職、マネジメント、研究職」を象徴し、内面的な価値観や才能、思考の癖に関係しています。この星の影響により、あなたは「金融、士業、IT、技術職、マネジメント、研究職」のような分野に対しても親和性があり、より深い理解や成長が見込めます。

この二つの星の組み合わせは、生まれ持った強みと内面の資質が調和し、バランスの取れた職業選択が可能となる構成です。
「営業、教育、音楽、スポーツ、広報、企画 × 金融、士業、IT、技術職、マネジメント、研究職」のような両方の要素を活かすことで、あなただけの天職が見つかる可能性が高いでしょう。"
3,7,"job","あなたの本命星【三碧木星】は、「営業、教育、音楽、スポーツ、広報、企画」といった分野に象徴される星です。
このため、生まれ持った性質としては、こうした分野での活躍が期待され、無理なく力を発揮しやすい傾向にあります。

一方で、月命星【七赤金星】は「芸能、美容、料理、販売、アパレル、イベント系」を象徴し、内面的な価値観や才能、思考の癖に関係しています。この星の影響により、あなたは「芸能、美容、料理、販売、アパレル、イベント系」のような分野に対しても親和性があり、より深い理解や成長が見込めます。

この二つの星の組み合わせは、生まれ持った強みと内面の資質が調和し、バランスの取れた職業選択が可能となる構成です。
「営業、教育、音楽、スポーツ、広報、企画 × 芸能、美容、料理、販売、アパレル、イベント系」のような両方の要素を活かすことで、あなただけの天職が見つかる可能性が高いでしょう。"
3,8,"job","あなたの本命星【三碧木星】は、「営業、教育、音楽、スポーツ、広報、企画」といった分野に象徴される星です。
このため、生まれ持った性質としては、こうした分野での活躍が期待され、無理なく力を発揮しやすい傾向にあります。

一方で、月命星【八白土星】は「不動産、金融、相続関連、資産管理、伝統産業」を象徴し、内面的な価値観や才能、思考の癖に関係しています。この星の影響により、あなたは「不動産、金融、相続関連、資産管理、伝統産業」のような分野に対しても親和性があり、より深い理解や成長が見込めます。

この二つの星の組み合わせは、生まれ持った強みと内面の資質が調和し、バランスの取れた職業選択が可能となる構成です。
「営業、教育、音楽、スポーツ、広報、企画 × 不動産、金融、相続関連、資産管理、伝統産業」のような両方の要素を活かすことで、あなただけの天職が見つかる可能性が高いでしょう。"
3,9,"job","あなたの本命星【三碧木星】は、「営業、教育、音楽、スポーツ、広報、企画」といった分野に象徴される星です。
このため、生まれ持った性質としては、こうした分野での活躍が期待され、無理なく力を発揮しやすい傾向にあります。

一方で、月命星【九紫火星】は「芸術、企画、美容、教育、ライター、表現職」を象徴し、内面的な価値観や才能、思考の癖に関係しています。この星の影響により、あなたは「芸術、企画、美容、教育、ライター、表現職」のような分野に対しても親和性があり、より深い理解や成長が見込めます。

この二つの星の組み合わせは、生まれ持った強みと内面の資質が調和し、バランスの取れた職業選択が可能となる構成です。
「営業、教育、音楽、スポーツ、広報、企画 × 芸術、企画、美容、教育、ライター、表現職」のような両方の要素を活かすことで、あなただけの天職が見つかる可能性が高いでしょう。"
4,1,"job","あなたの本命星【四緑木星】は、「旅行、販売、外交、通訳、流通、調整役」といった分野に象徴される星です。
このため、生まれ持った性質としては、こうした分野での活躍が期待され、無理なく力を発揮しやすい傾向にあります。

一方で、月命星【一白水星】は「医療、心理、調査、研究、福祉、輸送、執筆」を象徴し、内面的な価値観や才能、思考の癖に関係しています。この星の影響により、あなたは「医療、心理、調査、研究、福祉、輸送、執筆」のような分野に対しても親和性があり、より深い理解や成長が見込めます。

この二つの星の組み合わせは、生まれ持った強みと内面の資質が調和し、バランスの取れた職業選択が可能となる構成です。
「旅行、販売、外交、通訳、流通、調整役 × 医療、心理、調査、研究、福祉、輸送、執筆」のような両方の要素を活かすことで、あなただけの天職が見つかる可能性が高いでしょう。"
4,2,"job","あなたの本命星【四緑木星】は、「旅行、販売、外交、通訳、流通、調整役」といった分野に象徴される星です。
このため、生まれ持った性質としては、こうした分野での活躍が期待され、無理なく力を発揮しやすい傾向にあります。

一方で、月命星【二黒土星】は「保育、看護、農業、サポート職、教育、家庭関連」を象徴し、内面的な価値観や才能、思考の癖に関係しています。この星の影響により、あなたは「保育、看護、農業、サポート職、教育、家庭関連」のような分野に対しても親和性があり、より深い理解や成長が見込めます。

この二つの星の組み合わせは、生まれ持った強みと内面の資質が調和し、バランスの取れた職業選択が可能となる構成です。
「旅行、販売、外交、通訳、流通、調整役 × 保育、看護、農業、サポート職、教育、家庭関連」のような両方の要素を活かすことで、あなただけの天職が見つかる可能性が高いでしょう。"
4,3,"job","あなたの本命星【四緑木星】は、「旅行、販売、外交、通訳、流通、調整役」といった分野に象徴される星です。
このため、生まれ持った性質としては、こうした分野での活躍が期待され、無理なく力を発揮しやすい傾向にあります。

一方で、月命星【三碧木星】は「営業、教育、音楽、スポーツ、広報、企画」を象徴し、内面的な価値観や才能、思考の癖に関係しています。この星の影響により、あなたは「営業、教育、音楽、スポーツ、広報、企画」のような分野に対しても親和性があり、より深い理解や成長が見込めます。

この二つの星の組み合わせは、生まれ持った強みと内面の資質が調和し、バランスの取れた職業選択が可能となる構成です。
「旅行、販売、外交、通訳、流通、調整役 × 営業、教育、音楽、スポーツ、広報、企画」のような両方の要素を活かすことで、あなただけの天職が見つかる可能性が高いでしょう。"
4,4,"job","あなたの本命星【四緑木星】は、「旅行、販売、外交、通訳、流通、調整役」といった分野に象徴される星です。
このため、生まれ持った性質としては、こうした分野での活躍が期待され、無理なく力を発揮しやすい傾向にあります。

一方で、月命星【四緑木星】は「旅行、販売、外交、通訳、流通、調整役」を象徴し、内面的な価値観や才能、思考の癖に関係しています。この星の影響により、あなたは「旅行、販売、外交、通訳、流通、調整役」のような分野に対しても親和性があり、より深い理解や成長が見込めます。

この二つの星の組み合わせは、生まれ持った強みと内面の資質が調和し、バランスの取れた職業選択が可能となる構成です。
「旅行、販売、外交、通訳、流通、調整役 × 旅行、販売、外交、通訳、流通、調整役」のような両方の要素を活かすことで、あなただけの天職が見つかる可能性が高いでしょう。"
4,5,"job","あなたの本命星【四緑木星】は、「旅行、販売、外交、通訳、流通、調整役」といった分野に象徴される星です。
このため、生まれ持った性質としては、こうした分野での活躍が期待され、無理なく力を発揮しやすい傾向にあります。

一方で、月命星【五黄土星】は「経営、医師、政治、管理職、監査、改革職」を象徴し、内面的な価値観や才能、思考の癖に関係しています。この星の影響により、あなたは「経営、医師、政治、管理職、監査、改革職」のような分野に対しても親和性があり、より深い理解や成長が見込めます。

この二つの星の組み合わせは、生まれ持った強みと内面の資質が調和し、バランスの取れた職業選択が可能となる構成です。
「旅行、販売、外交、通訳、流通、調整役 × 経営、医師、政治、管理職、監査、改革職」のような両方の要素を活かすことで、あなただけの天職が見つかる可能性が高いでしょう。"
4,6,"job","あなたの本命星【四緑木星】は、「旅行、販売、外交、通訳、流通、調整役」といった分野に象徴される星です。
このため、生まれ持った性質としては、こうした分野での活躍が期待され、無理なく力を発揮しやすい傾向にあります。

一方で、月命星【六白金星】は「金融、士業、IT、技術職、マネジメント、研究職」を象徴し、内面的な価値観や才能、思考の癖に関係しています。この星の影響により、あなたは「金融、士業、IT、技術職、マネジメント、研究職」のような分野に対しても親和性があり、より深い理解や成長が見込めます。

この二つの星の組み合わせは、生まれ持った強みと内面の資質が調和し、バランスの取れた職業選択が可能となる構成です。
「旅行、販売、外交、通訳、流通、調整役 × 金融、士業、IT、技術職、マネジメント、研究職」のような両方の要素を活かすことで、あなただけの天職が見つかる可能性が高いでしょう。"
4,7,"job","あなたの本命星【四緑木星】は、「旅行、販売、外交、通訳、流通、調整役」といった分野に象徴される星です。
このため、生まれ持った性質としては、こうした分野での活躍が期待され、無理なく力を発揮しやすい傾向にあります。

一方で、月命星【七赤金星】は「芸能、美容、料理、販売、アパレル、イベント系」を象徴し、内面的な価値観や才能、思考の癖に関係しています。この星の影響により、あなたは「芸能、美容、料理、販売、アパレル、イベント系」のような分野に対しても親和性があり、より深い理解や成長が見込めます。

この二つの星の組み合わせは、生まれ持った強みと内面の資質が調和し、バランスの取れた職業選択が可能となる構成です。
「旅行、販売、外交、通訳、流通、調整役 × 芸能、美容、料理、販売、アパレル、イベント系」のような両方の要素を活かすことで、あなただけの天職が見つかる可能性が高いでしょう。"
4,8,"job","あなたの本命星【四緑木星】は、「旅行、販売、外交、通訳、流通、調整役」といった分野に象徴される星です。
このため、生まれ持った性質としては、こうした分野での活躍が期待され、無理なく力を発揮しやすい傾向にあります。

一方で、月命星【八白土星】は「不動産、金融、相続関連、資産管理、伝統産業」を象徴し、内面的な価値観や才能、思考の癖に関係しています。この星の影響により、あなたは「不動産、金融、相続関連、資産管理、伝統産業」のような分野に対しても親和性があり、より深い理解や成長が見込めます。

この二つの星の組み合わせは、生まれ持った強みと内面の資質が調和し、バランスの取れた職業選択が可能となる構成です。
「旅行、販売、外交、通訳、流通、調整役 × 不動産、金融、相続関連、資産管理、伝統産業」のような両方の要素を活かすことで、あなただけの天職が見つかる可能性が高いでしょう。"
4,9,"job","あなたの本命星【四緑木星】は、「旅行、販売、外交、通訳、流通、調整役」といった分野に象徴される星です。
このため、生まれ持った性質としては、こうした分野での活躍が期待され、無理なく力を発揮しやすい傾向にあります。

一方で、月命星【九紫火星】は「芸術、企画、美容、教育、ライター、表現職」を象徴し、内面的な価値観や才能、思考の癖に関係しています。この星の影響により、あなたは「芸術、企画、美容、教育、ライター、表現職」のような分野に対しても親和性があり、より深い理解や成長が見込めます。

この二つの星の組み合わせは、生まれ持った強みと内面の資質が調和し、バランスの取れた職業選択が可能となる構成です。
「旅行、販売、外交、通訳、流通、調整役 × 芸術、企画、美容、教育、ライター、表現職」のような両方の要素を活かすことで、あなただけの天職が見つかる可能性が高いでしょう。"
5,1,"job","あなたの本命星【五黄土星】は、「経営、医師、政治、管理職、監査、改革職」といった分野に象徴される星です。
このため、生まれ持った性質としては、こうした分野での活躍が期待され、無理なく力を発揮しやすい傾向にあります。

一方で、月命星【一白水星】は「医療、心理、調査、研究、福祉、輸送、執筆」を象徴し、内面的な価値観や才能、思考の癖に関係しています。この星の影響により、あなたは「医療、心理、調査、研究、福祉、輸送、執筆」のような分野に対しても親和性があり、より深い理解や成長が見込めます。

この二つの星の組み合わせは、生まれ持った強みと内面の資質が調和し、バランスの取れた職業選択が可能となる構成です。
「経営、医師、政治、管理職、監査、改革職 × 医療、心理、調査、研究、福祉、輸送、執筆」のような両方の要素を活かすことで、あなただけの天職が見つかる可能性が高いでしょう。"
5,2,"job","あなたの本命星【五黄土星】は、「経営、医師、政治、管理職、監査、改革職」といった分野に象徴される星です。
このため、生まれ持った性質としては、こうした分野での活躍が期待され、無理なく力を発揮しやすい傾向にあります。

一方で、月命星【二黒土星】は「保育、看護、農業、サポート職、教育、家庭関連」を象徴し、内面的な価値観や才能、思考の癖に関係しています。この星の影響により、あなたは「保育、看護、農業、サポート職、教育、家庭関連」のような分野に対しても親和性があり、より深い理解や成長が見込めます。

この二つの星の組み合わせは、生まれ持った強みと内面の資質が調和し、バランスの取れた職業選択が可能となる構成です。
「経営、医師、政治、管理職、監査、改革職 × 保育、看護、農業、サポート職、教育、家庭関連」のような両方の要素を活かすことで、あなただけの天職が見つかる可能性が高いでしょう。"
5,3,"job","あなたの本命星【五黄土星】は、「経営、医師、政治、管理職、監査、改革職」といった分野に象徴される星です。
このため、生まれ持った性質としては、こうした分野での活躍が期待され、無理なく力を発揮しやすい傾向にあります。

一方で、月命星【三碧木星】は「営業、教育、音楽、スポーツ、広報、企画」を象徴し、内面的な価値観や才能、思考の癖に関係しています。この星の影響により、あなたは「営業、教育、音楽、スポーツ、広報、企画」のような分野に対しても親和性があり、より深い理解や成長が見込めます。

この二つの星の組み合わせは、生まれ持った強みと内面の資質が調和し、バランスの取れた職業選択が可能となる構成です。
「経営、医師、政治、管理職、監査、改革職 × 営業、教育、音楽、スポーツ、広報、企画」のような両方の要素を活かすことで、あなただけの天職が見つかる可能性が高いでしょう。"
5,4,"job","あなたの本命星【五黄土星】は、「経営、医師、政治、管理職、監査、改革職」といった分野に象徴される星です。
このため、生まれ持った性質としては、こうした分野での活躍が期待され、無理なく力を発揮しやすい傾向にあります。

一方で、月命星【四緑木星】は「旅行、販売、外交、通訳、流通、調整役」を象徴し、内面的な価値観や才能、思考の癖に関係しています。この星の影響により、あなたは「旅行、販売、外交、通訳、流通、調整役」のような分野に対しても親和性があり、より深い理解や成長が見込めます。

この二つの星の組み合わせは、生まれ持った強みと内面の資質が調和し、バランスの取れた職業選択が可能となる構成です。
「経営、医師、政治、管理職、監査、改革職 × 旅行、販売、外交、通訳、流通、調整役」のような両方の要素を活かすことで、あなただけの天職が見つかる可能性が高いでしょう。"
5,5,"job","あなたの本命星【五黄土星】は、「経営、医師、政治、管理職、監査、改革職」といった分野に象徴される星です。
このため、生まれ持った性質としては、こうした分野での活躍が期待され、無理なく力を発揮しやすい傾向にあります。

一方で、月命星【五黄土星】は「経営、医師、政治、管理職、監査、改革職」を象徴し、内面的な価値観や才能、思考の癖に関係しています。この星の影響により、あなたは「経営、医師、政治、管理職、監査、改革職」のような分野に対しても親和性があり、より深い理解や成長が見込めます。

この二つの星の組み合わせは、生まれ持った強みと内面の資質が調和し、バランスの取れた職業選択が可能となる構成です。
「経営、医師、政治、管理職、監査、改革職 × 経営、医師、政治、管理職、監査、改革職」のような両方の要素を活かすことで、あなただけの天職が見つかる可能性が高いでしょう。"
5,6,"job","あなたの本命星【五黄土星】は、「経営、医師、政治、管理職、監査、改革職」といった分野に象徴される星です。
このため、生まれ持った性質としては、こうした分野での活躍が期待され、無理なく力を発揮しやすい傾向にあります。

一方で、月命星【六白金星】は「金融、士業、IT、技術職、マネジメント、研究職」を象徴し、内面的な価値観や才能、思考の癖に関係しています。この星の影響により、あなたは「金融、士業、IT、技術職、マネジメント、研究職」のような分野に対しても親和性があり、より深い理解や成長が見込めます。

この二つの星の組み合わせは、生まれ持った強みと内面の資質が調和し、バランスの取れた職業選択が可能となる構成です。
「経営、医師、政治、管理職、監査、改革職 × 金融、士業、IT、技術職、マネジメント、研究職」のような両方の要素を活かすことで、あなただけの天職が見つかる可能性が高いでしょう。"
5,7,"job","あなたの本命星【五黄土星】は、「経営、医師、政治、管理職、監査、改革職」といった分野に象徴される星です。
このため、生まれ持った性質としては、こうした分野での活躍が期待され、無理なく力を発揮しやすい傾向にあります。

一方で、月命星【七赤金星】は「芸能、美容、料理、販売、アパレル、イベント系」を象徴し、内面的な価値観や才能、思考の癖に関係しています。この星の影響により、あなたは「芸能、美容、料理、販売、アパレル、イベント系」のような分野に対しても親和性があり、より深い理解や成長が見込めます。

この二つの星の組み合わせは、生まれ持った強みと内面の資質が調和し、バランスの取れた職業選択が可能となる構成です。
「経営、医師、政治、管理職、監査、改革職 × 芸能、美容、料理、販売、アパレル、イベント系」のような両方の要素を活かすことで、あなただけの天職が見つかる可能性が高いでしょう。"
5,8,"job","あなたの本命星【五黄土星】は、「経営、医師、政治、管理職、監査、改革職」といった分野に象徴される星です。
このため、生まれ持った性質としては、こうした分野での活躍が期待され、無理なく力を発揮しやすい傾向にあります。

一方で、月命星【八白土星】は「不動産、金融、相続関連、資産管理、伝統産業」を象徴し、内面的な価値観や才能、思考の癖に関係しています。この星の影響により、あなたは「不動産、金融、相続関連、資産管理、伝統産業」のような分野に対しても親和性があり、より深い理解や成長が見込めます。

この二つの星の組み合わせは、生まれ持った強みと内面の資質が調和し、バランスの取れた職業選択が可能となる構成です。
「経営、医師、政治、管理職、監査、改革職 × 不動産、金融、相続関連、資産管理、伝統産業」のような両方の要素を活かすことで、あなただけの天職が見つかる可能性が高いでしょう。"
5,9,"job","あなたの本命星【五黄土星】は、「経営、医師、政治、管理職、監査、改革職」といった分野に象徴される星です。
このため、生まれ持った性質としては、こうした分野での活躍が期待され、無理なく力を発揮しやすい傾向にあります。

一方で、月命星【九紫火星】は「芸術、企画、美容、教育、ライター、表現職」を象徴し、内面的な価値観や才能、思考の癖に関係しています。この星の影響により、あなたは「芸術、企画、美容、教育、ライター、表現職」のような分野に対しても親和性があり、より深い理解や成長が見込めます。

この二つの星の組み合わせは、生まれ持った強みと内面の資質が調和し、バランスの取れた職業選択が可能となる構成です。
「経営、医師、政治、管理職、監査、改革職 × 芸術、企画、美容、教育、ライター、表現職」のような両方の要素を活かすことで、あなただけの天職が見つかる可能性が高いでしょう。"
6,1,"job","あなたの本命星【六白金星】は、「金融、士業、IT、技術職、マネジメント、研究職」といった分野に象徴される星です。
このため、生まれ持った性質としては、こうした分野での活躍が期待され、無理なく力を発揮しやすい傾向にあります。

一方で、月命星【一白水星】は「医療、心理、調査、研究、福祉、輸送、執筆」を象徴し、内面的な価値観や才能、思考の癖に関係しています。この星の影響により、あなたは「医療、心理、調査、研究、福祉、輸送、執筆」のような分野に対しても親和性があり、より深い理解や成長が見込めます。

この二つの星の組み合わせは、生まれ持った強みと内面の資質が調和し、バランスの取れた職業選択が可能となる構成です。
「金融、士業、IT、技術職、マネジメント、研究職 × 医療、心理、調査、研究、福祉、輸送、執筆」のような両方の要素を活かすことで、あなただけの天職が見つかる可能性が高いでしょう。"
6,2,"job","あなたの本命星【六白金星】は、「金融、士業、IT、技術職、マネジメント、研究職」といった分野に象徴される星です。
このため、生まれ持った性質としては、こうした分野での活躍が期待され、無理なく力を発揮しやすい傾向にあります。

一方で、月命星【二黒土星】は「保育、看護、農業、サポート職、教育、家庭関連」を象徴し、内面的な価値観や才能、思考の癖に関係しています。この星の影響により、あなたは「保育、看護、農業、サポート職、教育、家庭関連」のような分野に対しても親和性があり、より深い理解や成長が見込めます。

この二つの星の組み合わせは、生まれ持った強みと内面の資質が調和し、バランスの取れた職業選択が可能となる構成です。
「金融、士業、IT、技術職、マネジメント、研究職 × 保育、看護、農業、サポート職、教育、家庭関連」のような両方の要素を活かすことで、あなただけの天職が見つかる可能性が高いでしょう。"
6,3,"job","あなたの本命星【六白金星】は、「金融、士業、IT、技術職、マネジメント、研究職」といった分野に象徴される星です。
このため、生まれ持った性質としては、こうした分野での活躍が期待され、無理なく力を発揮しやすい傾向にあります。

一方で、月命星【三碧木星】は「営業、教育、音楽、スポーツ、広報、企画」を象徴し、内面的な価値観や才能、思考の癖に関係しています。この星の影響により、あなたは「営業、教育、音楽、スポーツ、広報、企画」のような分野に対しても親和性があり、より深い理解や成長が見込めます。

この二つの星の組み合わせは、生まれ持った強みと内面の資質が調和し、バランスの取れた職業選択が可能となる構成です。
「金融、士業、IT、技術職、マネジメント、研究職 × 営業、教育、音楽、スポーツ、広報、企画」のような両方の要素を活かすことで、あなただけの天職が見つかる可能性が高いでしょう。"
6,4,"job","あなたの本命星【六白金星】は、「金融、士業、IT、技術職、マネジメント、研究職」といった分野に象徴される星です。
このため、生まれ持った性質としては、こうした分野での活躍が期待され、無理なく力を発揮しやすい傾向にあります。

一方で、月命星【四緑木星】は「旅行、販売、外交、通訳、流通、調整役」を象徴し、内面的な価値観や才能、思考の癖に関係しています。この星の影響により、あなたは「旅行、販売、外交、通訳、流通、調整役」のような分野に対しても親和性があり、より深い理解や成長が見込めます。

この二つの星の組み合わせは、生まれ持った強みと内面の資質が調和し、バランスの取れた職業選択が可能となる構成です。
「金融、士業、IT、技術職、マネジメント、研究職 × 旅行、販売、外交、通訳、流通、調整役」のような両方の要素を活かすことで、あなただけの天職が見つかる可能性が高いでしょう。"
6,5,"job","あなたの本命星【六白金星】は、「金融、士業、IT、技術職、マネジメント、研究職」といった分野に象徴される星です。
このため、生まれ持った性質としては、こうした分野での活躍が期待され、無理なく力を発揮しやすい傾向にあります。

一方で、月命星【五黄土星】は「経営、医師、政治、管理職、監査、改革職」を象徴し、内面的な価値観や才能、思考の癖に関係しています。この星の影響により、あなたは「経営、医師、政治、管理職、監査、改革職」のような分野に対しても親和性があり、より深い理解や成長が見込めます。

この二つの星の組み合わせは、生まれ持った強みと内面の資質が調和し、バランスの取れた職業選択が可能となる構成です。
「金融、士業、IT、技術職、マネジメント、研究職 × 経営、医師、政治、管理職、監査、改革職」のような両方の要素を活かすことで、あなただけの天職が見つかる可能性が高いでしょう。"
6,6,"job","あなたの本命星【六白金星】は、「金融、士業、IT、技術職、マネジメント、研究職」といった分野に象徴される星です。
このため、生まれ持った性質としては、こうした分野での活躍が期待され、無理なく力を発揮しやすい傾向にあります。

一方で、月命星【六白金星】は「金融、士業、IT、技術職、マネジメント、研究職」を象徴し、内面的な価値観や才能、思考の癖に関係しています。この星の影響により、あなたは「金融、士業、IT、技術職、マネジメント、研究職」のような分野に対しても親和性があり、より深い理解や成長が見込めます。

この二つの星の組み合わせは、生まれ持った強みと内面の資質が調和し、バランスの取れた職業選択が可能となる構成です。
「金融、士業、IT、技術職、マネジメント、研究職 × 金融、士業、IT、技術職、マネジメント、研究職」のような両方の要素を活かすことで、あなただけの天職が見つかる可能性が高いでしょう。"
6,7,"job","あなたの本命星【六白金星】は、「金融、士業、IT、技術職、マネジメント、研究職」といった分野に象徴される星です。
このため、生まれ持った性質としては、こうした分野での活躍が期待され、無理なく力を発揮しやすい傾向にあります。

一方で、月命星【七赤金星】は「芸能、美容、料理、販売、アパレル、イベント系」を象徴し、内面的な価値観や才能、思考の癖に関係しています。この星の影響により、あなたは「芸能、美容、料理、販売、アパレル、イベント系」のような分野に対しても親和性があり、より深い理解や成長が見込めます。

この二つの星の組み合わせは、生まれ持った強みと内面の資質が調和し、バランスの取れた職業選択が可能となる構成です。
「金融、士業、IT、技術職、マネジメント、研究職 × 芸能、美容、料理、販売、アパレル、イベント系」のような両方の要素を活かすことで、あなただけの天職が見つかる可能性が高いでしょう。"
6,8,"job","あなたの本命星【六白金星】は、「金融、士業、IT、技術職、マネジメント、研究職」といった分野に象徴される星です。
このため、生まれ持った性質としては、こうした分野での活躍が期待され、無理なく力を発揮しやすい傾向にあります。

一方で、月命星【八白土星】は「不動産、金融、相続関連、資産管理、伝統産業」を象徴し、内面的な価値観や才能、思考の癖に関係しています。この星の影響により、あなたは「不動産、金融、相続関連、資産管理、伝統産業」のような分野に対しても親和性があり、より深い理解や成長が見込めます。

この二つの星の組み合わせは、生まれ持った強みと内面の資質が調和し、バランスの取れた職業選択が可能となる構成です。
「金融、士業、IT、技術職、マネジメント、研究職 × 不動産、金融、相続関連、資産管理、伝統産業」のような両方の要素を活かすことで、あなただけの天職が見つかる可能性が高いでしょう。"
6,9,"job","あなたの本命星【六白金星】は、「金融、士業、IT、技術職、マネジメント、研究職」といった分野に象徴される星です。
このため、生まれ持った性質としては、こうした分野での活躍が期待され、無理なく力を発揮しやすい傾向にあります。

一方で、月命星【九紫火星】は「芸術、企画、美容、教育、ライター、表現職」を象徴し、内面的な価値観や才能、思考の癖に関係しています。この星の影響により、あなたは「芸術、企画、美容、教育、ライター、表現職」のような分野に対しても親和性があり、より深い理解や成長が見込めます。

この二つの星の組み合わせは、生まれ持った強みと内面の資質が調和し、バランスの取れた職業選択が可能となる構成です。
「金融、士業、IT、技術職、マネジメント、研究職 × 芸術、企画、美容、教育、ライター、表現職」のような両方の要素を活かすことで、あなただけの天職が見つかる可能性が高いでしょう。"
7,1,"job","あなたの本命星【七赤金星】は、「芸能、美容、料理、販売、アパレル、イベント系」といった分野に象徴される星です。
このため、生まれ持った性質としては、こうした分野での活躍が期待され、無理なく力を発揮しやすい傾向にあります。

一方で、月命星【一白水星】は「医療、心理、調査、研究、福祉、輸送、執筆」を象徴し、内面的な価値観や才能、思考の癖に関係しています。この星の影響により、あなたは「医療、心理、調査、研究、福祉、輸送、執筆」のような分野に対しても親和性があり、より深い理解や成長が見込めます。

この二つの星の組み合わせは、生まれ持った強みと内面の資質が調和し、バランスの取れた職業選択が可能となる構成です。
「芸能、美容、料理、販売、アパレル、イベント系 × 医療、心理、調査、研究、福祉、輸送、執筆」のような両方の要素を活かすことで、あなただけの天職が見つかる可能性が高いでしょう。"
7,2,"job","あなたの本命星【七赤金星】は、「芸能、美容、料理、販売、アパレル、イベント系」といった分野に象徴される星です。
このため、生まれ持った性質としては、こうした分野での活躍が期待され、無理なく力を発揮しやすい傾向にあります。

一方で、月命星【二黒土星】は「保育、看護、農業、サポート職、教育、家庭関連」を象徴し、内面的な価値観や才能、思考の癖に関係しています。この星の影響により、あなたは「保育、看護、農業、サポート職、教育、家庭関連」のような分野に対しても親和性があり、より深い理解や成長が見込めます。

この二つの星の組み合わせは、生まれ持った強みと内面の資質が調和し、バランスの取れた職業選択が可能となる構成です。
「芸能、美容、料理、販売、アパレル、イベント系 × 保育、看護、農業、サポート職、教育、家庭関連」のような両方の要素を活かすことで、あなただけの天職が見つかる可能性が高いでしょう。"
7,3,"job","あなたの本命星【七赤金星】は、「芸能、美容、料理、販売、アパレル、イベント系」といった分野に象徴される星です。
このため、生まれ持った性質としては、こうした分野での活躍が期待され、無理なく力を発揮しやすい傾向にあります。

一方で、月命星【三碧木星】は「営業、教育、音楽、スポーツ、広報、企画」を象徴し、内面的な価値観や才能、思考の癖に関係しています。この星の影響により、あなたは「営業、教育、音楽、スポーツ、広報、企画」のような分野に対しても親和性があり、より深い理解や成長が見込めます。

この二つの星の組み合わせは、生まれ持った強みと内面の資質が調和し、バランスの取れた職業選択が可能となる構成です。
「芸能、美容、料理、販売、アパレル、イベント系 × 営業、教育、音楽、スポーツ、広報、企画」のような両方の要素を活かすことで、あなただけの天職が見つかる可能性が高いでしょう。"
7,4,"job","あなたの本命星【七赤金星】は、「芸能、美容、料理、販売、アパレル、イベント系」といった分野に象徴される星です。
このため、生まれ持った性質としては、こうした分野での活躍が期待され、無理なく力を発揮しやすい傾向にあります。

一方で、月命星【四緑木星】は「旅行、販売、外交、通訳、流通、調整役」を象徴し、内面的な価値観や才能、思考の癖に関係しています。この星の影響により、あなたは「旅行、販売、外交、通訳、流通、調整役」のような分野に対しても親和性があり、より深い理解や成長が見込めます。

この二つの星の組み合わせは、生まれ持った強みと内面の資質が調和し、バランスの取れた職業選択が可能となる構成です。
「芸能、美容、料理、販売、アパレル、イベント系 × 旅行、販売、外交、通訳、流通、調整役」のような両方の要素を活かすことで、あなただけの天職が見つかる可能性が高いでしょう。"
7,5,"job","あなたの本命星【七赤金星】は、「芸能、美容、料理、販売、アパレル、イベント系」といった分野に象徴される星です。
このため、生まれ持った性質としては、こうした分野での活躍が期待され、無理なく力を発揮しやすい傾向にあります。

一方で、月命星【五黄土星】は「経営、医師、政治、管理職、監査、改革職」を象徴し、内面的な価値観や才能、思考の癖に関係しています。この星の影響により、あなたは「経営、医師、政治、管理職、監査、改革職」のような分野に対しても親和性があり、より深い理解や成長が見込めます。

この二つの星の組み合わせは、生まれ持った強みと内面の資質が調和し、バランスの取れた職業選択が可能となる構成です。
「芸能、美容、料理、販売、アパレル、イベント系 × 経営、医師、政治、管理職、監査、改革職」のような両方の要素を活かすことで、あなただけの天職が見つかる可能性が高いでしょう。"
7,6,"job","あなたの本命星【七赤金星】は、「芸能、美容、料理、販売、アパレル、イベント系」といった分野に象徴される星です。
このため、生まれ持った性質としては、こうした分野での活躍が期待され、無理なく力を発揮しやすい傾向にあります。

一方で、月命星【六白金星】は「金融、士業、IT、技術職、マネジメント、研究職」を象徴し、内面的な価値観や才能、思考の癖に関係しています。この星の影響により、あなたは「金融、士業、IT、技術職、マネジメント、研究職」のような分野に対しても親和性があり、より深い理解や成長が見込めます。

この二つの星の組み合わせは、生まれ持った強みと内面の資質が調和し、バランスの取れた職業選択が可能となる構成です。
「芸能、美容、料理、販売、アパレル、イベント系 × 金融、士業、IT、技術職、マネジメント、研究職」のような両方の要素を活かすことで、あなただけの天職が見つかる可能性が高いでしょう。"
7,7,"job","あなたの本命星【七赤金星】は、「芸能、美容、料理、販売、アパレル、イベント系」といった分野に象徴される星です。
このため、生まれ持った性質としては、こうした分野での活躍が期待され、無理なく力を発揮しやすい傾向にあります。

一方で、月命星【七赤金星】は「芸能、美容、料理、販売、アパレル、イベント系」を象徴し、内面的な価値観や才能、思考の癖に関係しています。この星の影響により、あなたは「芸能、美容、料理、販売、アパレル、イベント系」のような分野に対しても親和性があり、より深い理解や成長が見込めます。

この二つの星の組み合わせは、生まれ持った強みと内面の資質が調和し、バランスの取れた職業選択が可能となる構成です。
「芸能、美容、料理、販売、アパレル、イベント系 × 芸能、美容、料理、販売、アパレル、イベント系」のような両方の要素を活かすことで、あなただけの天職が見つかる可能性が高いでしょう。"
7,8,"job","あなたの本命星【七赤金星】は、「芸能、美容、料理、販売、アパレル、イベント系」といった分野に象徴される星です。
このため、生まれ持った性質としては、こうした分野での活躍が期待され、無理なく力を発揮しやすい傾向にあります。

一方で、月命星【八白土星】は「不動産、金融、相続関連、資産管理、伝統産業」を象徴し、内面的な価値観や才能、思考の癖に関係しています。この星の影響により、あなたは「不動産、金融、相続関連、資産管理、伝統産業」のような分野に対しても親和性があり、より深い理解や成長が見込めます。

この二つの星の組み合わせは、生まれ持った強みと内面の資質が調和し、バランスの取れた職業選択が可能となる構成です。
「芸能、美容、料理、販売、アパレル、イベント系 × 不動産、金融、相続関連、資産管理、伝統産業」のような両方の要素を活かすことで、あなただけの天職が見つかる可能性が高いでしょう。"
7,9,"job","あなたの本命星【七赤金星】は、「芸能、美容、料理、販売、アパレル、イベント系」といった分野に象徴される星です。
このため、生まれ持った性質としては、こうした分野での活躍が期待され、無理なく力を発揮しやすい傾向にあります。

一方で、月命星【九紫火星】は「芸術、企画、美容、教育、ライター、表現職」を象徴し、内面的な価値観や才能、思考の癖に関係しています。この星の影響により、あなたは「芸術、企画、美容、教育、ライター、表現職」のような分野に対しても親和性があり、より深い理解や成長が見込めます。

この二つの星の組み合わせは、生まれ持った強みと内面の資質が調和し、バランスの取れた職業選択が可能となる構成です。
「芸能、美容、料理、販売、アパレル、イベント系 × 芸術、企画、美容、教育、ライター、表現職」のような両方の要素を活かすことで、あなただけの天職が見つかる可能性が高いでしょう。"
8,1,"job","あなたの本命星【八白土星】は、「不動産、金融、相続関連、資産管理、伝統産業」といった分野に象徴される星です。
このため、生まれ持った性質としては、こうした分野での活躍が期待され、無理なく力を発揮しやすい傾向にあります。

一方で、月命星【一白水星】は「医療、心理、調査、研究、福祉、輸送、執筆」を象徴し、内面的な価値観や才能、思考の癖に関係しています。この星の影響により、あなたは「医療、心理、調査、研究、福祉、輸送、執筆」のような分野に対しても親和性があり、より深い理解や成長が見込めます。

この二つの星の組み合わせは、生まれ持った強みと内面の資質が調和し、バランスの取れた職業選択が可能となる構成です。
「不動産、金融、相続関連、資産管理、伝統産業 × 医療、心理、調査、研究、福祉、輸送、執筆」のような両方の要素を活かすことで、あなただけの天職が見つかる可能性が高いでしょう。"
8,2,"job","あなたの本命星【八白土星】は、「不動産、金融、相続関連、資産管理、伝統産業」といった分野に象徴される星です。
このため、生まれ持った性質としては、こうした分野での活躍が期待され、無理なく力を発揮しやすい傾向にあります。

一方で、月命星【二黒土星】は「保育、看護、農業、サポート職、教育、家庭関連」を象徴し、内面的な価値観や才能、思考の癖に関係しています。この星の影響により、あなたは「保育、看護、農業、サポート職、教育、家庭関連」のような分野に対しても親和性があり、より深い理解や成長が見込めます。

この二つの星の組み合わせは、生まれ持った強みと内面の資質が調和し、バランスの取れた職業選択が可能となる構成です。
「不動産、金融、相続関連、資産管理、伝統産業 × 保育、看護、農業、サポート職、教育、家庭関連」のような両方の要素を活かすことで、あなただけの天職が見つかる可能性が高いでしょう。"
8,3,"job","あなたの本命星【八白土星】は、「不動産、金融、相続関連、資産管理、伝統産業」といった分野に象徴される星です。
このため、生まれ持った性質としては、こうした分野での活躍が期待され、無理なく力を発揮しやすい傾向にあります。

一方で、月命星【三碧木星】は「営業、教育、音楽、スポーツ、広報、企画」を象徴し、内面的な価値観や才能、思考の癖に関係しています。この星の影響により、あなたは「営業、教育、音楽、スポーツ、広報、企画」のような分野に対しても親和性があり、より深い理解や成長が見込めます。

この二つの星の組み合わせは、生まれ持った強みと内面の資質が調和し、バランスの取れた職業選択が可能となる構成です。
「不動産、金融、相続関連、資産管理、伝統産業 × 営業、教育、音楽、スポーツ、広報、企画」のような両方の要素を活かすことで、あなただけの天職が見つかる可能性が高いでしょう。"
8,4,"job","あなたの本命星【八白土星】は、「不動産、金融、相続関連、資産管理、伝統産業」といった分野に象徴される星です。
このため、生まれ持った性質としては、こうした分野での活躍が期待され、無理なく力を発揮しやすい傾向にあります。

一方で、月命星【四緑木星】は「旅行、販売、外交、通訳、流通、調整役」を象徴し、内面的な価値観や才能、思考の癖に関係しています。この星の影響により、あなたは「旅行、販売、外交、通訳、流通、調整役」のような分野に対しても親和性があり、より深い理解や成長が見込めます。

この二つの星の組み合わせは、生まれ持った強みと内面の資質が調和し、バランスの取れた職業選択が可能となる構成です。
「不動産、金融、相続関連、資産管理、伝統産業 × 旅行、販売、外交、通訳、流通、調整役」のような両方の要素を活かすことで、あなただけの天職が見つかる可能性が高いでしょう。"
8,5,"job","あなたの本命星【八白土星】は、「不動産、金融、相続関連、資産管理、伝統産業」といった分野に象徴される星です。
このため、生まれ持った性質としては、こうした分野での活躍が期待され、無理なく力を発揮しやすい傾向にあります。

一方で、月命星【五黄土星】は「経営、医師、政治、管理職、監査、改革職」を象徴し、内面的な価値観や才能、思考の癖に関係しています。この星の影響により、あなたは「経営、医師、政治、管理職、監査、改革職」のような分野に対しても親和性があり、より深い理解や成長が見込めます。

この二つの星の組み合わせは、生まれ持った強みと内面の資質が調和し、バランスの取れた職業選択が可能となる構成です。
「不動産、金融、相続関連、資産管理、伝統産業 × 経営、医師、政治、管理職、監査、改革職」のような両方の要素を活かすことで、あなただけの天職が見つかる可能性が高いでしょう。"
8,6,"job","あなたの本命星【八白土星】は、「不動産、金融、相続関連、資産管理、伝統産業」といった分野に象徴される星です。
このため、生まれ持った性質としては、こうした分野での活躍が期待され、無理なく力を発揮しやすい傾向にあります。

一方で、月命星【六白金星】は「金融、士業、IT、技術職、マネジメント、研究職」を象徴し、内面的な価値観や才能、思考の癖に関係しています。この星の影響により、あなたは「金融、士業、IT、技術職、マネジメント、研究職」のような分野に対しても親和性があり、より深い理解や成長が見込めます。

この二つの星の組み合わせは、生まれ持った強みと内面の資質が調和し、バランスの取れた職業選択が可能となる構成です。
「不動産、金融、相続関連、資産管理、伝統産業 × 金融、士業、IT、技術職、マネジメント、研究職」のような両方の要素を活かすことで、あなただけの天職が見つかる可能性が高いでしょう。"
8,7,"job","あなたの本命星【八白土星】は、「不動産、金融、相続関連、資産管理、伝統産業」といった分野に象徴される星です。
このため、生まれ持った性質としては、こうした分野での活躍が期待され、無理なく力を発揮しやすい傾向にあります。

一方で、月命星【七赤金星】は「芸能、美容、料理、販売、アパレル、イベント系」を象徴し、内面的な価値観や才能、思考の癖に関係しています。この星の影響により、あなたは「芸能、美容、料理、販売、アパレル、イベント系」のような分野に対しても親和性があり、より深い理解や成長が見込めます。

この二つの星の組み合わせは、生まれ持った強みと内面の資質が調和し、バランスの取れた職業選択が可能となる構成です。
「不動産、金融、相続関連、資産管理、伝統産業 × 芸能、美容、料理、販売、アパレル、イベント系」のような両方の要素を活かすことで、あなただけの天職が見つかる可能性が高いでしょう。"
8,8,"job","あなたの本命星【八白土星】は、「不動産、金融、相続関連、資産管理、伝統産業」といった分野に象徴される星です。
このため、生まれ持った性質としては、こうした分野での活躍が期待され、無理なく力を発揮しやすい傾向にあります。

一方で、月命星【八白土星】は「不動産、金融、相続関連、資産管理、伝統産業」を象徴し、内面的な価値観や才能、思考の癖に関係しています。この星の影響により、あなたは「不動産、金融、相続関連、資産管理、伝統産業」のような分野に対しても親和性があり、より深い理解や成長が見込めます。

この二つの星の組み合わせは、生まれ持った強みと内面の資質が調和し、バランスの取れた職業選択が可能となる構成です。
「不動産、金融、相続関連、資産管理、伝統産業 × 不動産、金融、相続関連、資産管理、伝統産業」のような両方の要素を活かすことで、あなただけの天職が見つかる可能性が高いでしょう。"
8,9,"job","あなたの本命星【八白土星】は、「不動産、金融、相続関連、資産管理、伝統産業」といった分野に象徴される星です。
このため、生まれ持った性質としては、こうした分野での活躍が期待され、無理なく力を発揮しやすい傾向にあります。

一方で、月命星【九紫火星】は「芸術、企画、美容、教育、ライター、表現職」を象徴し、内面的な価値観や才能、思考の癖に関係しています。この星の影響により、あなたは「芸術、企画、美容、教育、ライター、表現職」のような分野に対しても親和性があり、より深い理解や成長が見込めます。

この二つの星の組み合わせは、生まれ持った強みと内面の資質が調和し、バランスの取れた職業選択が可能となる構成です。
「不動産、金融、相続関連、資産管理、伝統産業 × 芸術、企画、美容、教育、ライター、表現職」のような両方の要素を活かすことで、あなただけの天職が見つかる可能性が高いでしょう。"
9,1,"job","あなたの本命星【九紫火星】は、「芸術、企画、美容、教育、ライター、表現職」といった分野に象徴される星です。
このため、生まれ持った性質としては、こうした分野での活躍が期待され、無理なく力を発揮しやすい傾向にあります。

一方で、月命星【一白水星】は「医療、心理、調査、研究、福祉、輸送、執筆」を象徴し、内面的な価値観や才能、思考の癖に関係しています。この星の影響により、あなたは「医療、心理、調査、研究、福祉、輸送、執筆」のような分野に対しても親和性があり、より深い理解や成長が見込めます。

この二つの星の組み合わせは、生まれ持った強みと内面の資質が調和し、バランスの取れた職業選択が可能となる構成です。
「芸術、企画、美容、教育、ライター、表現職 × 医療、心理、調査、研究、福祉、輸送、執筆」のような両方の要素を活かすことで、あなただけの天職が見つかる可能性が高いでしょう。"
9,2,"job","あなたの本命星【九紫火星】は、「芸術、企画、美容、教育、ライター、表現職」といった分野に象徴される星です。
このため、生まれ持った性質としては、こうした分野での活躍が期待され、無理なく力を発揮しやすい傾向にあります。

一方で、月命星【二黒土星】は「保育、看護、農業、サポート職、教育、家庭関連」を象徴し、内面的な価値観や才能、思考の癖に関係しています。この星の影響により、あなたは「保育、看護、農業、サポート職、教育、家庭関連」のような分野に対しても親和性があり、より深い理解や成長が見込めます。

この二つの星の組み合わせは、生まれ持った強みと内面の資質が調和し、バランスの取れた職業選択が可能となる構成です。
「芸術、企画、美容、教育、ライター、表現職 × 保育、看護、農業、サポート職、教育、家庭関連」のような両方の要素を活かすことで、あなただけの天職が見つかる可能性が高いでしょう。"
9,3,"job","あなたの本命星【九紫火星】は、「芸術、企画、美容、教育、ライター、表現職」といった分野に象徴される星です。
このため、生まれ持った性質としては、こうした分野での活躍が期待され、無理なく力を発揮しやすい傾向にあります。

一方で、月命星【三碧木星】は「営業、教育、音楽、スポーツ、広報、企画」を象徴し、内面的な価値観や才能、思考の癖に関係しています。この星の影響により、あなたは「営業、教育、音楽、スポーツ、広報、企画」のような分野に対しても親和性があり、より深い理解や成長が見込めます。

この二つの星の組み合わせは、生まれ持った強みと内面の資質が調和し、バランスの取れた職業選択が可能となる構成です。
「芸術、企画、美容、教育、ライター、表現職 × 営業、教育、音楽、スポーツ、広報、企画」のような両方の要素を活かすことで、あなただけの天職が見つかる可能性が高いでしょう。"
9,4,"job","あなたの本命星【九紫火星】は、「芸術、企画、美容、教育、ライター、表現職」といった分野に象徴される星です。
このため、生まれ持った性質としては、こうした分野での活躍が期待され、無理なく力を発揮しやすい傾向にあります。

一方で、月命星【四緑木星】は「旅行、販売、外交、通訳、流通、調整役」を象徴し、内面的な価値観や才能、思考の癖に関係しています。この星の影響により、あなたは「旅行、販売、外交、通訳、流通、調整役」のような分野に対しても親和性があり、より深い理解や成長が見込めます。

この二つの星の組み合わせは、生まれ持った強みと内面の資質が調和し、バランスの取れた職業選択が可能となる構成です。
「芸術、企画、美容、教育、ライター、表現職 × 旅行、販売、外交、通訳、流通、調整役」のような両方の要素を活かすことで、あなただけの天職が見つかる可能性が高いでしょう。"
9,5,"job","あなたの本命星【九紫火星】は、「芸術、企画、美容、教育、ライター、表現職」といった分野に象徴される星です。
このため、生まれ持った性質としては、こうした分野での活躍が期待され、無理なく力を発揮しやすい傾向にあります。

一方で、月命星【五黄土星】は「経営、医師、政治、管理職、監査、改革職」を象徴し、内面的な価値観や才能、思考の癖に関係しています。この星の影響により、あなたは「経営、医師、政治、管理職、監査、改革職」のような分野に対しても親和性があり、より深い理解や成長が見込めます。

この二つの星の組み合わせは、生まれ持った強みと内面の資質が調和し、バランスの取れた職業選択が可能となる構成です。
「芸術、企画、美容、教育、ライター、表現職 × 経営、医師、政治、管理職、監査、改革職」のような両方の要素を活かすことで、あなただけの天職が見つかる可能性が高いでしょう。"
9,6,"job","あなたの本命星【九紫火星】は、「芸術、企画、美容、教育、ライター、表現職」といった分野に象徴される星です。
このため、生まれ持った性質としては、こうした分野での活躍が期待され、無理なく力を発揮しやすい傾向にあります。

一方で、月命星【六白金星】は「金融、士業、IT、技術職、マネジメント、研究職」を象徴し、内面的な価値観や才能、思考の癖に関係しています。この星の影響により、あなたは「金融、士業、IT、技術職、マネジメント、研究職」のような分野に対しても親和性があり、より深い理解や成長が見込めます。

この二つの星の組み合わせは、生まれ持った強みと内面の資質が調和し、バランスの取れた職業選択が可能となる構成です。
「芸術、企画、美容、教育、ライター、表現職 × 金融、士業、IT、技術職、マネジメント、研究職」のような両方の要素を活かすことで、あなただけの天職が見つかる可能性が高いでしょう。"
9,7,"job","あなたの本命星【九紫火星】は、「芸術、企画、美容、教育、ライター、表現職」といった分野に象徴される星です。
このため、生まれ持った性質としては、こうした分野での活躍が期待され、無理なく力を発揮しやすい傾向にあります。

一方で、月命星【七赤金星】は「芸能、美容、料理、販売、アパレル、イベント系」を象徴し、内面的な価値観や才能、思考の癖に関係しています。この星の影響により、あなたは「芸能、美容、料理、販売、アパレル、イベント系」のような分野に対しても親和性があり、より深い理解や成長が見込めます。

この二つの星の組み合わせは、生まれ持った強みと内面の資質が調和し、バランスの取れた職業選択が可能となる構成です。
「芸術、企画、美容、教育、ライター、表現職 × 芸能、美容、料理、販売、アパレル、イベント系」のような両方の要素を活かすことで、あなただけの天職が見つかる可能性が高いでしょう。"
9,8,"job","あなたの本命星【九紫火星】は、「芸術、企画、美容、教育、ライター、表現職」といった分野に象徴される星です。
このため、生まれ持った性質としては、こうした分野での活躍が期待され、無理なく力を発揮しやすい傾向にあります。

一方で、月命星【八白土星】は「不動産、金融、相続関連、資産管理、伝統産業」を象徴し、内面的な価値観や才能、思考の癖に関係しています。この星の影響により、あなたは「不動産、金融、相続関連、資産管理、伝統産業」のような分野に対しても親和性があり、より深い理解や成長が見込めます。

この二つの星の組み合わせは、生まれ持った強みと内面の資質が調和し、バランスの取れた職業選択が可能となる構成です。
「芸術、企画、美容、教育、ライター、表現職 × 不動産、金融、相続関連、資産管理、伝統産業」のような両方の要素を活かすことで、あなただけの天職が見つかる可能性が高いでしょう。"
9,9,"job","あなたの本命星【九紫火星】は、「芸術、企画、美容、教育、ライター、表現職」といった分野に象徴される星です。
このため、生まれ持った性質としては、こうした分野での活躍が期待され、無理なく力を発揮しやすい傾向にあります。

一方で、月命星【九紫火星】は「芸術、企画、美容、教育、ライター、表現職」を象徴し、内面的な価値観や才能、思考の癖に関係しています。この星の影響により、あなたは「芸術、企画、美容、教育、ライター、表現職」のような分野に対しても親和性があり、より深い理解や成長が見込めます。

この二つの星の組み合わせは、生まれ持った強みと内面の資質が調和し、バランスの取れた職業選択が可能となる構成です。
「芸術、企画、美容、教育、ライター、表現職 × 芸術、企画、美容、教育、ライター、表現職」のような両方の要素を活かすことで、あなただけの天職が見つかる可能性が高いでしょう。"
1,1,"lucky_color","黒、紺、グレー"
1,2,"lucky_color","黒、紺、グレー"
1,3,"lucky_color","黒、紺、グレー"
1,4,"lucky_color","黒、紺、グレー"
1,5,"lucky_color","黒、紺、グレー"
1,6,"lucky_color","黒、紺、グレー"
1,7,"lucky_color","黒、紺、グレー"
1,8,"lucky_color","黒、紺、グレー"
1,9,"lucky_color","黒、紺、グレー"
2,1,"lucky_color","茶、ベージュ、黄色"
2,2,"lucky_color","茶、ベージュ、黄色"
2,3,"lucky_color","茶、ベージュ、黄色"
2,4,"lucky_color","茶、ベージュ、黄色"
2,5,"lucky_color","茶、ベージュ、黄色"
2,6,"lucky_color","茶、ベージュ、黄色"
2,7,"lucky_color","茶、ベージュ、黄色"
2,8,"lucky_color","茶、ベージュ、黄色"
2,9,"lucky_color","茶、ベージュ、黄色"
3,1,"lucky_color","青、緑、ターコイズ"
3,2,"lucky_color","青、緑、ターコイズ"
3,3,"lucky_color","青、緑、ターコイズ"
3,4,"lucky_color","青、緑、ターコイズ"
3,5,"lucky_color","青、緑、ターコイズ"
3,6,"lucky_color","青、緑、ターコイズ"
3,7,"lucky_color","青、緑、ターコイズ"
3,8,"lucky_color","青、緑、ターコイズ"
3,9,"lucky_color","青、緑、ターコイズ"
4,1,"lucky_color","緑、若草色、黄緑"
4,2,"lucky_color","緑、若草色、黄緑"
4,3,"lucky_color","緑、若草色、黄緑"
4,4,"lucky_color","緑、若草色、黄緑"
4,5,"lucky_color","緑、若草色、黄緑"
4,6,"lucky_color","緑、若草色、黄緑"
4,7,"lucky_color","緑、若草色、黄緑"
4,8,"lucky_color","緑、若草色、黄緑"
4,9,"lucky_color","緑、若草色、黄緑"
5,1,"lucky_color","黄土色、金、茶"
5,2,"lucky_color","黄土色、金、茶"
5,3,"lucky_color","黄土色、金、茶"
5,4,"lucky_color","黄土色、金、茶"
5,5,"lucky_color","黄土色、金、茶"
5,6,"lucky_color","黄土色、金、茶"
5,7,"lucky_color","黄土色、金、茶"
5,8,"lucky_color","黄土色、金、茶"
5,9,"lucky_color","黄土色、金、茶"
6,1,"lucky_color","白、銀、アイスブルー"
6,2,"lucky_color","白、銀、アイスブルー"
6,3,"lucky_color","白、銀、アイスブルー"
6,4,"lucky_color","白、銀、アイスブルー"
6,5,"lucky_color","白、銀、アイスブルー"
6,6,"lucky_color","白、銀、アイスブルー"
6,7,"lucky_color","白、銀、アイスブルー"
6,8,"lucky_color","白、銀、アイスブルー"
6,9,"lucky_color","白、銀、アイスブルー"
7,1,"lucky_color","ピンク、オレンジ、金"
7,2,"lucky_color","ピンク、オレンジ、金"
7,3,"lucky_color","ピンク、オレンジ、金"
7,4,"lucky_color","ピンク、オレンジ、金"
7,5,"lucky_color","ピンク、オレンジ、金"
7,6,"lucky_color","ピンク、オレンジ、金"
7,7,"lucky_color","ピンク、オレンジ、金"
7,8,"lucky_color","ピンク、オレンジ、金"
7,9,"lucky_color","ピンク、オレンジ、金"
8,1,"lucky_color","ベージュ、クリーム、黄"
8,2,"lucky_color","ベージュ、クリーム、黄"
8,3,"lucky_color","ベージュ、クリーム、黄"
8,4,"lucky_color","ベージュ、クリーム、黄"
8,5,"lucky_color","ベージュ、クリーム、黄"
8,6,"lucky_color","ベージュ、クリーム、黄"
8,7,"lucky_color","ベージュ、クリーム、黄"
8,8,"lucky_color","ベージュ、クリーム、黄"
8,9,"lucky_color","ベージュ、クリーム、黄"
9,1,"lucky_color","赤、紫、ワインレッド"
9,2,"lucky_color","赤、紫、ワインレッド"
9,3,"lucky_color","赤、紫、ワインレッド"
9,4,"lucky_color","赤、紫、ワインレッド"
9,5,"lucky_color","赤、紫、ワインレッド"
9,6,"lucky_color","赤、紫、ワインレッド"
9,7,"lucky_color","赤、紫、ワインレッド"
9,8,"lucky_color","赤、紫、ワインレッド"
9,9,"lucky_color","赤、紫、ワインレッド"
1,1,"lucky_item","水筒、音楽プレイヤー、アロマ、鏡"
1,2,"lucky_item","水筒、音楽プレイヤー、アロマ、鏡"
1,3,"lucky_item","水筒、音楽プレイヤー、アロマ、鏡"
1,4,"lucky_item","水筒、音楽プレイヤー、アロマ、鏡"
1,5,"lucky_item","水筒、音楽プレイヤー、アロマ、鏡"
1,6,"lucky_item","水筒、音楽プレイヤー、アロマ、鏡"
1,7,"lucky_item","水筒、音楽プレイヤー、アロマ、鏡"
1,8,"lucky_item","水筒、音楽プレイヤー、アロマ、鏡"
1,9,"lucky_item","水筒、音楽プレイヤー、アロマ、鏡"
2,1,"lucky_item","陶器、布製品、観葉植物、手帳"
2,2,"lucky_item","陶器、布製品、観葉植物、手帳"
2,3,"lucky_item","陶器、布製品、観葉植物、手帳"
2,4,"lucky_item","陶器、布製品、観葉植物、手帳"
2,5,"lucky_item","陶器、布製品、観葉植物、手帳"
2,6,"lucky_item","陶器、布製品、観葉植物、手帳"
2,7,"lucky_item","陶器、布製品、観葉植物、手帳"
2,8,"lucky_item","陶器、布製品、観葉植物、手帳"
2,9,"lucky_item","陶器、布製品、観葉植物、手帳"
3,1,"lucky_item","スピーカー、楽器、目覚まし時計、観葉植物"
3,2,"lucky_item","スピーカー、楽器、目覚まし時計、観葉植物"
3,3,"lucky_item","スピーカー、楽器、目覚まし時計、観葉植物"
3,4,"lucky_item","スピーカー、楽器、目覚まし時計、観葉植物"
3,5,"lucky_item","スピーカー、楽器、目覚まし時計、観葉植物"
3,6,"lucky_item","スピーカー、楽器、目覚まし時計、観葉植物"
3,7,"lucky_item","スピーカー、楽器、目覚まし時計、観葉植物"
3,8,"lucky_item","スピーカー、楽器、目覚まし時計、観葉植物"
3,9,"lucky_item","スピーカー、楽器、目覚まし時計、観葉植物"
4,1,"lucky_item","風鈴、扇子、旅行グッズ、連絡帳"
4,2,"lucky_item","風鈴、扇子、旅行グッズ、連絡帳"
4,3,"lucky_item","風鈴、扇子、旅行グッズ、連絡帳"
4,4,"lucky_item","風鈴、扇子、旅行グッズ、連絡帳"
4,5,"lucky_item","風鈴、扇子、旅行グッズ、連絡帳"
4,6,"lucky_item","風鈴、扇子、旅行グッズ、連絡帳"
4,7,"lucky_item","風鈴、扇子、旅行グッズ、連絡帳"
4,8,"lucky_item","風鈴、扇子、旅行グッズ、連絡帳"
4,9,"lucky_item","風鈴、扇子、旅行グッズ、連絡帳"
5,1,"lucky_item","天然石、パワーストーン、時計、中心に置く物"
5,2,"lucky_item","天然石、パワーストーン、時計、中心に置く物"
5,3,"lucky_item","天然石、パワーストーン、時計、中心に置く物"
5,4,"lucky_item","天然石、パワーストーン、時計、中心に置く物"
5,5,"lucky_item","天然石、パワーストーン、時計、中心に置く物"
5,6,"lucky_item","天然石、パワーストーン、時計、中心に置く物"
5,7,"lucky_item","天然石、パワーストーン、時計、中心に置く物"
5,8,"lucky_item","天然石、パワーストーン、時計、中心に置く物"
5,9,"lucky_item","天然石、パワーストーン、時計、中心に置く物"
6,1,"lucky_item","メタル製品、高級ペン、腕時計、車"
6,2,"lucky_item","メタル製品、高級ペン、腕時計、車"
6,3,"lucky_item","メタル製品、高級ペン、腕時計、車"
6,4,"lucky_item","メタル製品、高級ペン、腕時計、車"
6,5,"lucky_item","メタル製品、高級ペン、腕時計、車"
6,6,"lucky_item","メタル製品、高級ペン、腕時計、車"
6,7,"lucky_item","メタル製品、高級ペン、腕時計、車"
6,8,"lucky_item","メタル製品、高級ペン、腕時計、車"
6,9,"lucky_item","メタル製品、高級ペン、腕時計、車"
7,1,"lucky_item","アクセサリー、財布、美容グッズ、スイーツ"
7,2,"lucky_item","アクセサリー、財布、美容グッズ、スイーツ"
7,3,"lucky_item","アクセサリー、財布、美容グッズ、スイーツ"
7,4,"lucky_item","アクセサリー、財布、美容グッズ、スイーツ"
7,5,"lucky_item","アクセサリー、財布、美容グッズ、スイーツ"
7,6,"lucky_item","アクセサリー、財布、美容グッズ、スイーツ"
7,7,"lucky_item","アクセサリー、財布、美容グッズ、スイーツ"
7,8,"lucky_item","アクセサリー、財布、美容グッズ、スイーツ"
7,9,"lucky_item","アクセサリー、財布、美容グッズ、スイーツ"
8,1,"lucky_item","石、置物、貯金箱、登山グッズ"
8,2,"lucky_item","石、置物、貯金箱、登山グッズ"
8,3,"lucky_item","石、置物、貯金箱、登山グッズ"
8,4,"lucky_item","石、置物、貯金箱、登山グッズ"
8,5,"lucky_item","石、置物、貯金箱、登山グッズ"
8,6,"lucky_item","石、置物、貯金箱、登山グッズ"
8,7,"lucky_item","石、置物、貯金箱、登山グッズ"
8,8,"lucky_item","石、置物、貯金箱、登山グッズ"
8,9,"lucky_item","石、置物、貯金箱、登山グッズ"
9,1,"lucky_item","キャンドル、香水、ノート、照明器具"
9,2,"lucky_item","キャンドル、香水、ノート、照明器具"
9,3,"lucky_item","キャンドル、香水、ノート、照明器具"
9,4,"lucky_item","キャンドル、香水、ノート、照明器具"
9,5,"lucky_item","キャンドル、香水、ノート、照明器具"
9,6,"lucky_item","キャンドル、香水、ノート、照明器具"
9,7,"lucky_item","キャンドル、香水、ノート、照明器具"
9,8,"lucky_item","キャンドル、香水、ノート、照明器具"
9,9,"lucky_item","キャンドル、香水、ノート、照明器具"
